path,file_name,chunk,source,title
webpages\-Qué_es_un_Posgrado-_-_Facultad_de_Ingeniería,node_49534,"#  ¿Qué es un Posgrado?

Según la Ordenanza de Carreras de Posgrado de la Universidad de la República,
se entiende por carreras de posgrado aquellos estudios que habilitan a la
obtención de Títulos o Diplomas que supongan para su realización, que el
alumno sea graduado universitario o que, excepcionalmente, acredite formación
equivalente.

La Universidad de la República entrega titulos de posgrado en tres niveles:
Diplomas de Especialización, Maestrías y Doctorados.

Para ver todas las carreras que ofrece la Facultad de Ingeniería ingresar en:
https://www.fing.edu.uy/es/ensenanza/carreras-de-posgrado",https://www.fing.edu.uy/es/node/49534,¿Qué es un Posgrado? | Facultad de Ingeniería
webpages\-Qué_es_un_Posgrado-_-_Facultad_de_Ingeniería,node_49534,"  * **Diplomas de especialización**  
Las carreras de especialización tienen por objetivo el perfeccionamiento en el
dominio de un tema o área determinada dentro de una profesión o de un campo de
aplicación de varias profesiones o disciplinas científicas. Están dirigidas a
ampliar la capacitación profesional lograda en programas de grado, ya sea con
profundidad y/o extensión. Las exigencias curriculares mínimas son 60
créditos.  ",https://www.fing.edu.uy/es/node/49534,¿Qué es un Posgrado? | Facultad de Ingeniería
webpages\-Qué_es_un_Posgrado-_-_Facultad_de_Ingeniería,node_49534,"  * **Maestrías**  
Las carreras de maestría tienen por objetivo proporcionar una formación
superior a la del graduado universitario, en un campo del conocimiento. Dicho
objetivo se logra profundizando la formación teórica, el conocimiento
actualizado y especializado en ese campo, y de sus métodos; estimulando el
aprendizaje autónomo y la iniciativa personal, e incluyendo la preparación de
una tesis. Las exigencias curriculares mínimas son 100 créditos que se
integran con actividad programada y el trabajo de tesis.  ",https://www.fing.edu.uy/es/node/49534,¿Qué es un Posgrado? | Facultad de Ingeniería
webpages\-Qué_es_un_Posgrado-_-_Facultad_de_Ingeniería,node_49534,"  * **Doctorados**  
Las carreras de doctorado constituyen el nivel superior de formación de
posgrado en un área del conocimiento. Su objetivo es asegurar la capacidad de
acompañar la evolución del área de conocimiento correspondiente, una formación
amplia y profunda en el área elegida, y la capacidad probada para desarrollar
investigación original propia y creación de nuevo conocimiento. La elaboración
de la tesis es la actividad central de los estudios de doctorado, debiendo
constituir un aporte original al campo disciplinario correspondiente. Las
exigencias curriculares mínimas son 250 créditos que se integran con actividad
programada y un trabajo de tesis.",https://www.fing.edu.uy/es/node/49534,¿Qué es un Posgrado? | Facultad de Ingeniería
webpages\-Qué_es_un_Posgrado-_-_Facultad_de_Ingeniería,node_49534,"**Condiciones de ingreso a las carreras de Posgrado**  
Podrán ingresar a los programas de posgrado quienes posean título
universitario al menos de nivel de Licenciatura expedido por la Universidad de
la República o que puedan acreditar adecuadamente una capacitación que permita
el aprovechamiento de la actividad en cuestión, a juicio de la Comisión
Académica de Posgrado de Facultad de Ingeniería. Cada carrera de posgrado
puede tener requisitos de ingreso y exigencias curriculares particulares que
se especifican en el plan de estudio correspondiente.  
  
**Inscripciones a las carreras de Posgrado**  
Los ingresos a las carreras de posgrado se solicitan a la SCAPA (Sub Comisión
Académica del Área) correspondiente, adjuntando la documentación requerida.
Los interesados pueden consultar los requisitos particulares de cada carrera a
posgrado@fing.edu.uy.

**Más información**

  * https://cap.posgrados.udelar.edu.uy/",https://www.fing.edu.uy/es/node/49534,¿Qué es un Posgrado? | Facultad de Ingeniería
webpages\ACTIVIDAD_INTRODUCTORIA_-_Facultad_de_Ingeniería,node_45478,"#  ACTIVIDAD INTRODUCTORIA

Tu primera responsabilidad como estudiante de la Fing es informarte sobre el
trayecto que inicias. Para eso **tienes que concurrir a la Actividad
Introductoria el próximo 26, 27 y 28 de julio.**

**LUGAR.** **** Edificio Polifuncional José Luis Massera

No es necesario inscribirte, en ella recibirás información imprescindible para
comenzar pisando firme la Facultad, conociendo su funcionamiento, otras
personas que ingresan contigo y otros actores de la Facultad; intentaremos que
además puedas empezar a recorrerla, para no estar tan perdido el primer día de
clases.

Las actividades que pensamos para vos son:

  * Charla del Espacio de Orientación y Consulta (EOC) donde se comentarán cuestiones básicas de las carreras, planes de estudio, previaturas, entre otras cosas.
  * Taller de Iniciación a la Planificación Estratégica (TIPE) para dar algunas herramientas sobre cómo organizarte y elegir qué cursos hacer. Además se informará sobre acompañamientos y tutorías al inicio de la carrera. 
  * Reuniones en grupos pequeños con estudiantes y docentes de la Facultad, para tener un diálogo directo y despejar todas tus dudas.
  * Charlas con directores/as de cada carrera y charlas con egresados/as para conocer el ámbito profesional y académico. ",https://www.fing.edu.uy/node/45478,ACTIVIDAD INTRODUCTORIA | Facultad de Ingeniería
webpages\ACTIVIDAD_INTRODUCTORIA_-_Facultad_de_Ingeniería,node_45478,"Cronograma

    

**LUGAR.** **** Edificio Polifuncional José Luis Massera (senda Ing. Nelson
Landoni 631)

## MIÉRCOLES 26/7

|

  * **14 a 16hs.** Charla de Bienvenida en **salón C22**
  * **16 a 18hs.** Charla con Madrinas/Padrinos. La distribución se realiza entre las personas que se encuentren en el salón C22, al momento de finalizar la charla de Bienvenida.

  
---|---  
  
## JUEVES 27/7

|

  * **17 a 19hs.** Charla con Direcciones de Carrera.

Ing. en Computación y Lic. en Computación: **salón B11**

Ing. Eléctrica, Ing. en Sistemas de Comunicación, Lic. en Ing. Biológica,
Tecnólogo en Telecomunicaciones e Ing. Físico-Matemática: **salón B21**

Ing. Industria Mecánica, Tecnólogo Industrial Mecánico, Ing. Naval, Ing. en
Producción, Ing. Química, Ing. en Alimentos, Ingeniería Civil y Agrimensura:
**salón: A21**

  * **19 a 21hs.** Charla con Egresadas/os en **salón C22**

  
  
## VIERNES 28/7

|

  * **14 a 16hs.** Charla del Taller de Introducción a la Planificación Estratégica (TIPE) en **salón C22**
  * **16 a 18hs.** Charla con Madrinas/Padrinos. La distribución se realiza entre las personas que se encuentren en el salón C22, al momento de finalizar la charla del TIPE.

  
  
## SÁBADO 29/7

|

  * **14hs.** Prueba Inicial en salón 307 (edificio central).

  
  
# Consultas: introductorio@fing.edu.uy  ",https://www.fing.edu.uy/node/45478,ACTIVIDAD INTRODUCTORIA | Facultad de Ingeniería
webpages\ACTIVIDAD_INTRODUCTORIA_-_Facultad_de_Ingeniería,node_45478,"Prueba Inicial

    

**FECHA: sábado 29 de julio, 14 horas. Salón 307.** **Aquellos estudiantes que
aún no hayan finalizado la inscripción a la carrera concurren a los salones
fuera de lista)** **.**

La Prueba Inicial busca evaluar los conocimientos adquiridos durante la
educación media que se consideran necesarios para un buen desempeño en los
cursos de matemática de primer año. Consta de preguntas múltiple opción o de
respuesta numérica. El resultado obtenido en la prueba sugerirá el trayecto
más adecuado para iniciar los cursos de primer año. Un resultado menor al 60%
del puntaje es un indicador de que sería conveniente reforzar los
conocimientos antes de cursar CDIV y por eso te sugerimos cursar Matemática
Inicial. Si obtienes el 60% o más cursarás directamente CDIV y se te asignarán
4 créditos de Matemática en tu carrera.

El espacio en EVA de la prueba donde encuentras más información es el
siguiente:

https://eva.fing.edu.uy/course/view.php?id=1544

El siguiente material consta de una serie de ejercicios del estilo y nivel de
lo que será evaluado en la prueba.

Material asociado a la preparación de la prueba: CLICKEA AQUÍ

Varias de las preguntas abarcarán los siguientes temas y habilidades:

Temas:

Conteo básico

Conjuntos y funciones

Nociones geométricas básicas

Límites, continuidad y derivada

Habilidades:

Lenguaje matemático

Lógica Matemática

Operaciones básicas

Diferentes representaciones de un mismo objeto matemático

Preguntas frecuentes de estudiantes al ingreso",https://www.fing.edu.uy/node/45478,ACTIVIDAD INTRODUCTORIA | Facultad de Ingeniería
webpages\Carreras_de_Grado_-_Facultad_de_Ingeniería,ensenanza_carreras-de-grado-old,"#  Carreras de Grado

Listado de carreras de grado

## Carreras de grado

  * Agrimensura
  * Ingeniería Civil
  * Ingeniería de Alimentos
  * Ingeniería de Producción
  * Ingeniería Eléctrica
  * Ingeniería en Computación
  * Ingeniería en Sistemas de Comunicación
  * Ingeniería Físico-Matemática
  * Ingeniería Forestal (Tacuarembó)
  * Ingeniería Industrial Mecánica
  * Ingeniería Naval
  * Ingeniería Química
  * Lic. en Ciencias de la Atmósfera
  * Lic. en Computación
  * Lic. en Ingeniería Biológica
  * Lic. en Recursos Hídricos y Riego (RN-Salto)

## Tecnólogos

  * Tecnólogo Cárnico
  * Tecnólogo en Cartografía
  * Tecnólogo en Madera (Rivera)
  * Tecnólogo en Telecomunicaciones (Rocha)
  * Tecnólogo Industrial Mecánico
  * Tecnólogo Informático
  * Tecnólogo Minero (Treinta y Tres)",https://www.fing.edu.uy/es/ensenanza/carreras-de-grado-old,Carreras de Grado | Facultad de Ingeniería
webpages\Carreras_de_Posgrado_-_Facultad_de_Ingeniería,ensenanza_carreras-de-posgrado,"## Diploma de especialización

  * Diploma de Especialización en Tránsito y Transporte
  * Diploma de especialización en Bioinformática
  * Diploma de Especialización en Ciencia de Datos
  * Diploma de Especialización en Diseño, Cálculo y Construcción de Estructuras de Madera
  * Diploma de especialización en Física
  * Diploma de especialización en Gestión de Tecnologías
  * Diploma de especialización en Hidrología Subterránea
  * Diploma de especialización en Ingeniería de la Energía
  * Diploma de especialización en Ingeniería de Minas
  * Diploma de especialización en Ingeniería de Software
  * Diploma de especialización en Seguridad Informática
  * Diploma de especialización en Seguridad y Salud en el Trabajo
  * Diploma de especialización en Sistemas de Información y Tecnologías de Gestión de Datos
  * Diploma de especialización en Sistemas Eléctricos de Potencia
  * Diploma de especialización en Telecomunicaciones
  * Diploma de especialización Estudios Avanzados en Computación
  * Especialización en Ingeniería Ambiental
  * Especialización en Optimización",https://www.fing.edu.uy/es/ensenanza/carreras-de-posgrado,Carreras de Posgrado | Facultad de Ingeniería
webpages\Carreras_de_Posgrado_-_Facultad_de_Ingeniería,ensenanza_carreras-de-posgrado,"## Maestría

  * Maestría en Bioinformática (PEDECIBA)
  * Maestría en Ciencia de Datos Aplicada
  * Maestría en Ciencia de Datos y Aprendizaje Automático
  * Maestría en Ciencia y Tecnología de los Alimentos
  * Maestría en Ciencias Cognitivas
  * Maestría en Física
  * Maestría en Gestión de la Innovación
  * Maestría en Informática (PEDECIBA)
  * Maestría en Ingeniería Ambiental
  * Maestría en Ingeniería de Celulosa y Papel
  * Maestría en Ingeniería de la Energía
  * Maestría en Ingeniería de Minas
  * Maestría en Ingeniería de Software
  * Maestría en Ingeniería Eléctrica
  * Maestría en Ingeniería en Computación
  * Maestría en Ingeniería Estructural
  * Maestría en Ingeniería Física
  * Maestría en Ingeniería Matemática
  * Maestría en Ingeniería Mecánica
  * Maestría en Ingeniería Química
  * Maestría en Investigación de Operaciones
  * Maestría en Manejo Costero Integrado del Cono Sur
  * Maestría en Mecánica de los Fluidos Aplicada
  * Maestría en Seguridad Informática
  * Maestría en Sistemas de Información y Tecnologías de Gestión de Datos",https://www.fing.edu.uy/es/ensenanza/carreras-de-posgrado,Carreras de Posgrado | Facultad de Ingeniería
webpages\Carreras_de_Posgrado_-_Facultad_de_Ingeniería,ensenanza_carreras-de-posgrado,"## Doctorado

  * Doctorado en Física
  * Doctorado en Informática (PEDECIBA)
  * Doctorado en Ingeniería Ambiental 
  * Doctorado en Ingeniería de la Energía
  * Doctorado en Ingeniería Eléctrica
  * Doctorado en Ingeniería Estructural
  * Doctorado en Ingeniería Física
  * Doctorado en Ingeniería Mecánica
  * Doctorado en Ingeniería Mecánica de los Fluidos Aplicada
  * Doctorado en Ingeniería Química",https://www.fing.edu.uy/es/ensenanza/carreras-de-posgrado,Carreras de Posgrado | Facultad de Ingeniería
webpages\Consultas_y_Orientación_-_Facultad_de_Ingeniería,ensenanza_espacio-de-orientaci%C3%B3n-y-consulta_consultas-y-orientacion,"#  Consultas y Orientación

_**Horarios de atención presencial**_ **(a partir de agosto) para consultas
relacionadas con:**

  * **Reválida.**
  * **Ingreso.**
  * **Cursado excepcional de unidades curriculares avanzadas y básicas.**
  * **Dificultades en el avance y planificación del semestre.**
  * **Cambio de carrera.**

_Jueves de 13:30 a 15:30hs, primer piso, puerta 104 ._

En caso de requerir una consulta presencial (o por zoom) fuera del horario
establecido, se puede coordinar escribiendo al correo de orientación.

**CONSULTAS POR CORREO:**

Enviar a la dirección _orientacion@fing.edu.uy_.

Las consultas por mail deben tener un ""asunto"" (subject) concreto y
descriptivo donde se mencione con palabras clave situación, tipo de excepción
y unidad curricular, si corresponde. Por ejemplo: inscripción - tardía -
Física 1. No usar por ejemplo: ""consulta"", ""duda""...",https://www.fing.edu.uy/ensenanza/espacio-de-orientaci%C3%B3n-y-consulta/consultas-y-orientacion,Consultas y Orientación | Facultad de Ingeniería
webpages\Cursos_de_Posgrado_y_Educación_Permanente_-_Facultad_de_Ingeniería,ensenanza_cursos-posgrado,"## Listado de cursos de posgrado y educación permanente

En el enlace https://www.fing.edu.uy/cursos-posgrado puede encontrar la información sobre los cursos de
posgrado y educación permanente dictados actualmente por Facultad de
Ingeniería.

  * Resolución del Consejo sobre inscripciones a Posgrados: https://www.fing.edu.uy/sites/default/files/2021-02/Resolucionconsej_Posgrados.pdf",https://www.fing.edu.uy/es/ensenanza/cursos-posgrado,Cursos de Posgrado y Educación Permanente | Facultad de Ingeniería
webpages\Cursos_de_Posgrado_y_Educación_Permanente_-_Facultad_de_Ingeniería,ensenanza_cursos-posgrado,"## Inscripciones a cursos de posgrado

Las inscripciones a cursos de Posgrado se realizan a través del Portal del
Estudiante (https://bedelias.udelar.edu.uy/).

El estudiante de posgrado que no pueda hacer su inscripción por este Portal,
debe comunicarse con Bedelía de Posgrado, al correo electrónico
 indicando datos personales (Nombre y C.I.) y nombre del
curso.",https://www.fing.edu.uy/es/ensenanza/cursos-posgrado,Cursos de Posgrado y Educación Permanente | Facultad de Ingeniería
webpages\Cursos_de_Posgrado_y_Educación_Permanente_-_Facultad_de_Ingeniería,ensenanza_cursos-posgrado,"## Inscripciones a cursos de educación permanente

Las inscripciones a los cursos de educación permanente se deben realizan a
través del siguiente formulario: https://www.fing.edu.uy/form/inscripcion-a-curso-eduperm

El pago de los cursos se podrá realizar de las siguientes formas:

  * **Ventanilla de Tesorería:** efectivo o tarjeta VISA (débito o crédito)  
Horario : Lunes,Miércoles y viernes de 9 a 12 hs. Martes y Jueves de 13 a
15.30 hs.

  * **Transferencia bancaria:** Cuenta Corriente en pesos BROU Nro: 001559437-00008 (Titular de la cuenta: Facultad de Ingeniería).  
Si realizó la inscripción al curso a través del formulario y en esa instancia
no adjuntó el comprobante de pago, puede adjuntarlo ahora a través del
siguiente formulario: https://www.fing.edu.uy/form/comprobante-de-pago

**Recuerde que es obligatorio en algún momento enviar el comprobante de
pago.**",https://www.fing.edu.uy/es/ensenanza/cursos-posgrado,Cursos de Posgrado y Educación Permanente | Facultad de Ingeniería
webpages\Cursos_de_Posgrado_y_Educación_Permanente_-_Facultad_de_Ingeniería,ensenanza_cursos-posgrado,"## Subsidios a cursos de educación permanente

**Postulá a los subsidios de INEFOP**  
Todos los profesionales y empresas privadas pueden solicitar subsidios
-devolución parcial de lo invertido en la capacitación- a los cursos de
Educación Permanente de Fing a través de INEFOP.

**Más información aquí:** https://www.fing.edu.uy/es/node/47584

La Facultad de Ingeniería integra el Programa de Educación Permanente de la
Universidad de la República (https://udelar.edu.uy/eduper/).",https://www.fing.edu.uy/es/ensenanza/cursos-posgrado,Cursos de Posgrado y Educación Permanente | Facultad de Ingeniería
webpages\Espacio_de_Orientación_y_Consulta_-EOC-_-_Facultad_de_Ingeniería,ensenanza_espacio-de-orientaci%C3%B3n-y-consulta,"#  Espacio de Orientación y Consulta (EOC)  
  
---  
  
## **Un lugar de referencia durante la vida académica-estudiantil**  
  
El _EOC_ pretende generar instancias donde se contemple la dimensión personal
de cada proceso de aprendizaje, considerando las variables diferenciales para
cada estudiante. La idea es que el estudiante encuentre en cada integrante del
_EOC_ un interlocutor válido a quien dirigirse en la Institución. Desde el
_EOC_ se propone: atender consultas de estudiantes de forma personalizada;
brindar información general sobre la Facultad; ofrecer información sobre
becas; asesorar sobre estrategias de aprendizaje y técnicas de estudio;
derivar consultas y solicitudes específicas de estudiantes a comisiones de
carrera, delegados estudiantiles, docentes referentes, Bedelía y la Unidad de
Enseñanza; coordinar actividades de asesoría y orientación llevadas a cabo por
otros colectivos; entre otras actividades.

**_Integrantes del equipo_**

  * Kyria Querves - Licenciada en Psicología
  * Victoria García - Docente
  * Roxana Valentín - Administrativa
  * Ema Soboredo - Asistente Académica
  * Manuel Freire - Asistente Académico 
  * Matías Gu - Asistente Académico
  * Carlos Luna - Asistente Académico",https://www.fing.edu.uy/es/ensenanza/espacio-de-orientaci%C3%B3n-y-consulta,Espacio de Orientación y Consulta (EOC) | Facultad de Ingeniería
webpages\Espacio_de_Orientación_y_Consulta_-EOC-_-_Facultad_de_Ingeniería,ensenanza_espacio-de-orientaci%C3%B3n-y-consulta,"Información importante para renovar becas del Fondo de Solidaridad.

  * **Nuevo servicio central de atención a estudiantes, a cargo de PROGRESA - UDELAR** ****

_Se trata de una iniciativa orientada a los estudiantes de la Universidad,
surge durante la pandemia enfocada en especial a quienes recién ingresan.
Consiste en espacios de consulta individual, talleres temáticos y grupos
terapéuticos con el objetivo de que todas y todos los estudiantes puedan
sostener sus proyectos y continuar sus estudios._

|

Por más información dirigite a la web:

https://www.cse.udelar.edu.uy/progresa/espacio-psicologico-virtual/

Para contactar escribí al mail:

espaciopsicologicoudelar@gmail.com  ",https://www.fing.edu.uy/es/ensenanza/espacio-de-orientaci%C3%B3n-y-consulta,Espacio de Orientación y Consulta (EOC) | Facultad de Ingeniería
webpages\Espacio_de_Orientación_y_Consulta_-EOC-_-_Facultad_de_Ingeniería,ensenanza_espacio-de-orientaci%C3%B3n-y-consulta,"El _EOC_ surge en 2013, aunque su formalización se realizó en 2015 (https://www.fing.edu.uy/sites/default/files/2013/7969/EOC.pdf). El plan de
trabajo para 2017 está disponible aquí: https://www.fing.edu.uy/sites/default/files/2013/7969/Plan-EOC-abril2017.pdf

En el _EOC_ se realizan también algunos estudios, en conjunto con la Unidad de
Enseñanza ( _UEFI_ ); ver por ejemplo: Orientación estudiantil y desempeño
académico en ingeniería (2017) y Un taller de iniciación a la planificación
estratégica para estudiantes de ingreso a carreras de ingeniería (2019). Un
proyecto de investigación en estos temas es: La orientación y sus impactos en
el desempeño de estudiantes de la Facultad de Ingeniería (2017). Otra línea de
colaboración establecida es con el proyecto OpenFING; dos trabajos conjuntos
son: An educational project based on a digital library of filmed courses
(2017) y OpenFING: A Project based on a Digital Library of Recorded Courses
(2018).",https://www.fing.edu.uy/es/ensenanza/espacio-de-orientaci%C3%B3n-y-consulta,Espacio de Orientación y Consulta (EOC) | Facultad de Ingeniería
webpages\Futuros_estudiantes_-_Facultad_de_Ingeniería,node_41254,"¿Qué carreras puedo elegir?

    

En la Facultad de Ingeniería se pueden cursar carreras de tecnólogo (2-3
años), licenciaturas (4 años) e ingenierías (5 años). El listado completo de
las carreras que actualmente ofrecemos es:

  * Agrimensura
  * Ingeniería Civil
  * Ingeniería de Alimentos
  * Ingeniería de Producción
  * Ingeniería Eléctrica
  * Ingeniería en Computación
  * Ingeniería en Sistemas de Comunicación
  * Ingeniería Físico-Matemática
  * Ingeniería Forestal (Tacuarembó)
  * Ingeniería Industrial Mecánica
  * Ingeniería Naval
  * Ingeniería Química
  * Lic. en Ciencias de la Atmósfera
  * Lic. en Computación
  * Lic. en Ingeniería Biológica
  * Lic. en Recursos Hídricos y Riego (RN-Salto)
  * Tecnólogo Cárnico
  * Tecnólogo en Cartografía
  * Tecnólogo en Madera (Rivera)
  * Tecnólogo en Telecomunicaciones (Rocha)
  * Tecnólogo Industrial Mecánico
  * Tecnólogo Informático
  * Tecnólogo Minero (Treinta y Tres)",https://www.fing.edu.uy/es/node/41254,Futuros estudiantes | Facultad de Ingeniería
webpages\Futuros_estudiantes_-_Facultad_de_Ingeniería,node_41254,"¿Cómo puedo saber más sobre las carreras?

    

Lo ideal es que leas el Plan de Estudios de cada carrera, que hables con otros
estudiantes y que conozcas egresados de las carreras.

La Facultad también elaboró una serie de videos para ayudarte a entender un
poco más sobre cada opción: ¿Qué hace un ingeniero?
https://youtu.be/Annqlwt1k6o",https://www.fing.edu.uy/es/node/41254,Futuros estudiantes | Facultad de Ingeniería
webpages\Futuros_estudiantes_-_Facultad_de_Ingeniería,node_41254,"¿Me puedo anotar a cualquier carrera?

    

Cada carrera tiene un listado de  **Estudios preuniversitarios requeridos** """,https://www.fing.edu.uy/es/node/41254,Futuros estudiantes | Facultad de Ingeniería
webpages\Futuros_estudiantes_-_Facultad_de_Ingeniería,node_41254,"  * Descargar listado: https://www.fing.edu.uy/sites/default/files/2021-12/Requisitos2022%20Febrero.pdf""",https://www.fing.edu.uy/es/node/41254,Futuros estudiantes | Facultad de Ingeniería
webpages\Futuros_estudiantes_-_Facultad_de_Ingeniería,node_41254,"¿Qué es un plan de estudios?

    

Es el programa en que se detalla el conjunto de unidades curriculares que se
deben cursar para obtener un título. Las unidades curriculares son las
asignaturas de las carreras.

Las características principales de los planes de estudios en la Facultad de
Ingeniería son:

  * Semestralización: los cursos no son anuales sino que duran medio año. El primer semestre en general va de marzo a julio y el segundo de agosto a diciembre, aproximadamente.
  * Existencia de parciales y exámenes
  * Sistema de previaturas: las unidades curriculares tienen cierto orden que respetar
  * Creditización de las carreras. Cada unidad curricular equivale a ciertos crétidos y para obtener un título de ingeniero se necesitan 450 créditos",https://www.fing.edu.uy/es/node/41254,Futuros estudiantes | Facultad de Ingeniería
webpages\Futuros_estudiantes_-_Facultad_de_Ingeniería,node_41254,"¿Qué es un crédito y por qué las carreras se miden así?

    

Un crédito es una medida de la dedicación de una asignatura. Se supone que si
una asignatura tiene más créditos, es necesario dedicarle más horas. Un
crédito equivale aproximadamente a una hora de estudio semanal, durante todo
un semestre.

Así por ejemplo cursar Cálculo DIV, que al aprobarla suma 13 créditos en el
área temática Matemática de la escolaridad, implica una dedicación aproximada
de 13 horas semanales",https://www.fing.edu.uy/es/node/41254,Futuros estudiantes | Facultad de Ingeniería
webpages\Futuros_estudiantes_-_Facultad_de_Ingeniería,node_41254,"¿Cuándo son las inscripciones y cuándo empiezan las clases?

    

Las inscripciones a Facultad son en febrero y en julio. Al desarrollarse los
cursos en ambos semestres, los estudiantes no pierden un año y pueden comenzar
indistintamente. Los cursos del primer semestre van de marzo a junio y los del
segundos semestre de agosto a noviembre.

Toda la información de las inscripciones se actualiza en:
https://www.fing.edu.uy/es/ensenanza/generacion-de-ingreso

Sobre finales de diciembre se actualiza la información para las inscripciones
de febrero del año siguiente.",https://www.fing.edu.uy/es/node/41254,Futuros estudiantes | Facultad de Ingeniería
webpages\Futuros_estudiantes_-_Facultad_de_Ingeniería,node_41254,"¿Hay becas para estudiar?

    

Si, los estudiantes de la Udelar pueden participar de un sistema de becas.

  * Fondo de Solidaridad (Apoyo económico anual con posibilidad de renovación)
  * Becas de Bienestar (Apoyo económico, becas de alimentación, transporte, pasajes y otros)
  * Becas de trabajo en el Centro de Estudiantes
  * Otras becas de organismos, sindicatos, asociaciones y Ongs",https://www.fing.edu.uy/es/node/41254,Futuros estudiantes | Facultad de Ingeniería
webpages\Futuros_estudiantes_-_Facultad_de_Ingeniería,node_41254,"¿Qué cursos me tocan o cuáles debo hacer?

    

En la Facultad cada estudiante decide que cursos hacer cada semestre, aunque
las carreras organizan currículas sugeridas como referencia.  
Por ejemplo para Ing. en Computación se sugiere cursar: Cálculo Diferencial e
Integral en Una Variable (13 créditos), Geometría y Álgebra Lineal 1 (9
créditos), Matemática Discreta 1 (9 créditos) y Matemática Inicial.",https://www.fing.edu.uy/es/node/41254,Futuros estudiantes | Facultad de Ingeniería
webpages\Futuros_estudiantes_-_Facultad_de_Ingeniería,node_41254,"¿Qué es la Actividad Introductoria?

    

Es normal tener dudas sobre a qué carrera inscribirme, cómo anotarse a los
cursos, qué asignaturas hacer y demás. Por ello la Facultad implementa desde
hace varios años una Actividad Introductoria previo al comienzo de los cursos
para que sea más sencilla la transición.",https://www.fing.edu.uy/es/node/41254,Futuros estudiantes | Facultad de Ingeniería
webpages\Futuros_estudiantes_-_Facultad_de_Ingeniería,node_41254,"¿Hay prueba de ingreso?

    

No. La Facultad NO tiene prueba de ingreso.  
Hacemos una prueba diagnóstica para que los estudiantes puedan evaluar su
nivel antes de ingresar a Fing.",https://www.fing.edu.uy/es/node/41254,Futuros estudiantes | Facultad de Ingeniería
webpages\Futuros_estudiantes_-_Facultad_de_Ingeniería,node_41254,"¿Hay visitas o charlas para los estudiantes de secundaria?

    

La Facultad organiza desde hace varios años su ciclo de charlas y visitas
dirigidas a estudiantes de educación media de todo el país. Generalmente los
encuentros son en setiembre y octubre.  
Más información: https://www.fing.edu.uy/ciclodecharlas",https://www.fing.edu.uy/es/node/41254,Futuros estudiantes | Facultad de Ingeniería
webpages\Futuros_estudiantes_-_Facultad_de_Ingeniería,node_41254,"¿Dónde puedo encontrar información importante y a quién puedo consultar dudas?

  Video relacionado: https://www.youtube.com/watch?v=A5J8Wm_3BNE
    

  * En la web del Departamento de Bedelías: https://www.fing.edu.uy/es/bedelia
  * En el Entorno Virtual de Aprendizaje (EVA) de cada curso: https://eva.fing.edu.uy
  * A los directores de cada carrera: https://www.fing.edu.uy/institucional/autoridades/directores-de-carrera
  * En el Espacio de Orientación y Consulta, a través del mail orientacion@fing.edu.uy o en su web: https://www.fing.edu.uy/es/ensenanza/espacio-de-orientaci%C3%B3n-y-consulta

Si tienes consultas generales que no se incluyen en esta sección, puedes
enviarnos un correo a comunicacion@fing.edu.uy para incluirla y ayudar a otros
estudiantes.",https://www.fing.edu.uy/es/node/41254,Futuros estudiantes | Facultad de Ingeniería
webpages\GENERACIÓN_DE_INGRESO_-_Facultad_de_Ingeniería,ensenanza_generacion-de-ingreso,"#  GENERACIÓN DE INGRESO

Si llegaste hasta acá es porque como parte de tu proyecto de vida estás
manejando la posibilidad de convertirte en estudiante de la Facultad de
Ingeniería. Es una gran decisión por lo que queremos acompañarte en la
experiencia de empezar a tener contacto con la Facultad y principalmente con
las personas que la forman.

A continuación de dejamos un mapa de ruta para recorrer tu inscripción y el
primer semestre de la carrera. Cada color está asociado a una etapa o hito del
proceso que vivirás este semestre. Pulsando sobre el botón inferior accedes a
toda la información específica. Te recomendamos leer la información con
detenimiento, esta web estará visible todo el semestre y puedes volver cuando
necesites.

¡Te damos la bienvenida!",https://www.fing.edu.uy/es/ensenanza/generacion-de-ingreso,GENERACIÓN DE INGRESO | Facultad de Ingeniería
webpages\INICIO_DE_CURSOS_-_Facultad_de_Ingeniería,node_45479,"Cronograma del semestre

    

Estás comenzando a cursar tu primer semestre de la carrera, a continuación te
dejamos una lista con instancias clave durante el semestre, información que te
recomendamos tener en cuenta y plazos a cumplir que te facilitaran un avance
sostenido durante el semestre.

Información de horarios y salones en:
https://www.fing.edu.uy/es/bedelia/horarios

**Luego de inscribirte a la carrera deberás inscribirte a cada curso que vas a
realizar en el primer semestre.**",https://www.fing.edu.uy/node/45479,INICIO DE CURSOS | Facultad de Ingeniería
webpages\INICIO_DE_CURSOS_-_Facultad_de_Ingeniería,node_45479,"Hay una variada disponibilidad de horarios de clase; para encontrar la opción
más conveniente te sugerimos:

\- dedicar la primer semana de clase para probar varios horarios de clase de
la misma unidad curricular y luego poder elegir aquel donde el estilo del
docente se adecue más a tu estilo de aprendizaje.

\- una vez que elijas el horario del curso al que vas a asistir tratá de
mantenerlo ya que aunque en todos los horarios se trabajan los mismos temas
por semana, no se repite exactamente lo mismo.

\- asistir a clase en horarios donde no haya mucha cantidad de estudiantes, en
relación al número de docentes; ello permitirá que el docente (especialmente
si es de práctico) pueda dividir su atención para atender dudas individuales.

\- organizar tus horarios con espacios de tiempo ""libre"" entre clases para:
descansar, comer, usar los espacios de estudio de facultad para repasar
antes/después del teórico/práctico (ya sea de forma individual o en grupo).",https://www.fing.edu.uy/node/45479,INICIO DE CURSOS | Facultad de Ingeniería
webpages\INICIO_DE_CURSOS_-_Facultad_de_Ingeniería,node_45479,"Información con plazos de inscripción a cada curso para realizar la
inscripción en: https://bedelias.udelar.edu.uy/

Si luego de las primeras clases optas por no hacer algún curso al cual te
inscribiste, debes realizar el desistimiento. Información con plazos y
procedimiento para realizar el desistimiento en:
https://bedelias.udelar.edu.uy/

**Consultá elcalendario lectivo para saber los períodos de tus evaluaciones.
**

**Calendario de pruebas:**

  * **Parciales:** https://www.fing.edu.uy/es/bedelia/parciales (IMPORTANTE: la mayoría de las unidades curriculares de primer año requieren inscripción a parciales. Información con plazos y procedimiento para realizar inscripción en: https://bedelias.udelar.edu.uy/)
  * **Exámenes:** https://www.fing.edu.uy/bedelia/ex%C3%A1menes",https://www.fing.edu.uy/node/45479,INICIO DE CURSOS | Facultad de Ingeniería
webpages\INICIO_DE_CURSOS_-_Facultad_de_Ingeniería,node_45479,"RECOMENDACIONES PARA LAS EVALUACIONES.

*Previo al día de la evaluación buscar el listado en el calendario para conocer el salón donde te corresponde realizar la evaluación.

*También leer la información que se publica en los EVA de cada curso; allí en general se publica la lista de habilitados y es importante confirmar que figuras en ella.

*Presentarte al lugar de la evaluación con al menos 20 minutos de anticipación para ubicar el salón que se te asignó. Traer más de un lápiz y lapicera.

*Realizar la inscripción tanto a parciales como a exámenes, aún teniendo la duda si exoneraste o lo vas a rendir. En caso de exoneración automáticamente se te inhabilita y en caso de que no lo rindas, no hay penalización pero NO se otorgan inscripciones tardías a parciales y tampoco a exámenes por olvido y desinformación.",https://www.fing.edu.uy/node/45479,INICIO DE CURSOS | Facultad de Ingeniería
webpages\INICIO_DE_CURSOS_-_Facultad_de_Ingeniería,node_45479,"Modalidad de cursado

    

La modalidad de cursado es presencial. Sin embargo se ha exhortado a los
coordinadores de cada curso, a través de la dirección de los distintos
institutos, para que analicen la posibilidad de diversificar las alternativas
en la modalidad de cursado. Esas posibilidades excepcionales serán informadas
en la página del EVA (Entorno Virtual de Aprendizaje) de cada curso. A través
del siguiente enlace podes acceder al EVA de la Facultad:
https://eva.fing.edu.uy",https://www.fing.edu.uy/node/45479,INICIO DE CURSOS | Facultad de Ingeniería
webpages\INICIO_DE_CURSOS_-_Facultad_de_Ingeniería,node_45479,"Cursos preparatorios

    

Web Udelar con cursos preparatorios:
https://udelar.edu.uy/generacion2023/tomacarrera/

En febrero podés comenzar a encontrarte con la Universidad de la República y
prepararte mejor con cursos preparatorios en áreas clave para dar tus primeros
pasos en la carrera que elegiste.  
  
Los cursos están dirigidos a la generación de ingreso y se realizan de forma
virtual a través de la plataforma EVA Udelar. Tienen por objetivo reafirmar
conocimientos y reforzar habilidades para el comienzo de sus carreras.  
  
Los cursos fueron diseñados en el 2021 por equipos docentes de disciplinas
consideradas clave para la transición entre la educación media superior y la
educación universitaria.",https://www.fing.edu.uy/node/45479,INICIO DE CURSOS | Facultad de Ingeniería
webpages\INICIO_DE_CURSOS_-_Facultad_de_Ingeniería,node_45479,"**Nombre: Pretemporada de Matemática**  
  
Dirigido a: estudiantes provenientes de los bachilleratos habilitados para
ingresar a la Facultad de Ingeniería, Facultad de Química, o Licenciatura en
Física o Matemática (Facultad de Ciencias), o que por diversos motivos
requieren fortalecer competencias y contenidos básicos de matemática.  
  
El curso tiene como objetivos ayudarte a reforzar aspectos operativos y
permitir reconocer de forma consciente los aspectos fundamentales del
razonamiento matemático imprescindibles para acceder a cualquier curso
universitario de matemática del área científico-tecnológica.  
  
Duración: 4 semanas  
  
No requiere inscripción, para participar solo tienes que acceder al espacio en
EVA: https://eva.ingresos.udelar.edu.uy/course/view.php?id=33  
  
Equipo docente: Dalia Artenstein, Paola Bermolen, Federico Carrasco, Luis
Piñeyrúa, Verónica Rumbo.  
  
Por consultas sobre el curso escribir a: pretemporada.matematica@gmail.com",https://www.fing.edu.uy/node/45479,INICIO DE CURSOS | Facultad de Ingeniería
webpages\INICIO_DE_CURSOS_-_Facultad_de_Ingeniería,node_45479,"**Nombre: La física a tu alcance**

Dirigido a: estudiantes de las Facultades de Ingeniería, Arquitectura,
Medicina, Agronomía, Ciencias (Lic. Biología, Bioquímica, Geología, Geografía,
etc.), Ciclos iniciales (CURE y CENUR LN), tecnólogos.

El curso tiene como objetivo ayudarte a repasar o aprender conceptos
necesarios para realizar los cursos de Física de los primeros semestres. En
especial, vas a encontrarte por primera vez con material de estudio del nivel
en que se desarrollan los cursos en la facultad, lo cual te será de mucha
ayuda y a desarrollar estrategias de estudio y resolución de problemas para
enfrentarse a la etapa universitaria.  
  
Duración: 4 semanas.  
  
No requiere inscripción, para participar solo tienes que acceder al espacio en
EVA: https://eva.ingresos.udelar.edu.uy/course/view.php?id=27

Equipo docente: Sofía Valli, Adriana Auyuanet, Arturo Martí, Mauricio
Rodríguez, Cecilia Stari, Maximiliano Anzibar.",https://www.fing.edu.uy/node/45479,INICIO DE CURSOS | Facultad de Ingeniería
webpages\INSCRIPCIÓN_A_CARRERA_-_Facultad_de_Ingeniería,node_45476,"¿Cuáles son las carreras que comienzan en el segundo semestre 2023 y cuáles
son los estudios preuniversitarios requeridos?

    

  * Agrimensura
  * Ingeniería Civil
  * Ingeniería de Producción
  * Ingeniería Eléctrica
  * Ingeniería en Computación
  * Ingeniería en Sistemas de Comunicación
  * Ingeniería Físico-Matemática
  * Ingeniería Industrial Mecánica
  * Ingeniería Naval
  * Ingeniería Química
  * Lic. en Ingeniería Biológica (2 primeros años)
  * Lic. en Ciencias de la Atmósfera
  * Tecnólogo en Telecomunicaciones (1er año)
  * Tecnólogo Industrial Mecánico

**ESTUDIOS PREUNIVERSITARIOS REQUERIDOS PARA CADA CARRERA**  
En este enlace pueden verse los estudios preuniversitarios requeridos para
ingresar a cada carrera. Enlace: https://www.fing.edu.uy/sites/default/files/2021-12/Requisitos2022%20Febrero.pdf",https://www.fing.edu.uy/node/45476,INSCRIPCIÓN A CARRERA | Facultad de Ingeniería
webpages\INSCRIPCIÓN_A_CARRERA_-_Facultad_de_Ingeniería,node_45476,"¿Qué documentación necesito para tramitar el ingreso a la Facultad?

    

  1. _Cédula de identidad_ (adjuntar copia de ambas caras)
  2. Carné de Salud
  3. Formulario de Inscripción (https://www.fing.edu.uy/sites/default/files/2023-02/Ingresos_GENERACION_2023_feb-mar_FORMULARIO.pdf) 
  4. _Foto carné_
  5. _Certificado de estudio según corresponda_.",https://www.fing.edu.uy/node/45476,INSCRIPCIÓN A CARRERA | Facultad de Ingeniería
webpages\INSCRIPCIÓN_A_CARRERA_-_Facultad_de_Ingeniería,node_45476,"  Información sobre los certificados de estudio para tramitar el ingreso a la Facultad:

  * Fórmula 69A para los estudiantes que terminaron Secundaria en colegios no dependientes de la ANEP (liceos privados, liceo militar, etc).
  * Fórmula 69B para los estudiantes que se inscribirán en forma provisoria por tener una materia previa de secundaria.
  * Visado del egreso del bachillerato para todos los que terminaron Secundaria por liceo público (debe solicitarse en Secundaria al menos 48 horas hábiles antes de hacer la preinscripción web). Si el visado no ha sido realizado la preinscripción será rechazada.
  * Constancia de egreso para los estudiantes que vienen de UTU o Visado del egreso (debe solicitarse en UTU al menos 48 horas hábiles antes de hacer la pre-inscripción web). Si el visado no ha sido realizado la preinscripción será rechazada.
  * Escolaridad con 80 créditos o un año aprobado **** para estudiantes procedentes de otras carreras Udelar. 
  * Escolaridad finalizada para egresados de carreras UDELAR.
  * Reválida de secundaria finalizada para estudiantes provenientes del exterior o Visado de la Reválida (debe solicitarse en Secundaria al menos 48 horas hábiles antes de hacer la preinscripción web). 
  * Si no cuenta con certificado de Estudio o Visado podrá solicitar “ante la Universidad de la República que esos estudios sean valorados para determinar si cumplen con las condiciones de ingreso a los estudios universitarios” debiendo cumplir con los requisitos establecidos en: https://dgjuridica.udelar.edu.uy/056-ordenanza-sobre-ingreso-a-la-universidad-de-la-republica-de-personas-que-hayan-cursado-estudios-preuniversitarios-en-el-extranjero/",https://www.fing.edu.uy/node/45476,INSCRIPCIÓN A CARRERA | Facultad de Ingeniería
webpages\INSCRIPCIÓN_A_CARRERA_-_Facultad_de_Ingeniería,node_45476,"¿Qué pasos tengo que seguir para inscribirme a la carrera en Facultad, para el
segundo semestre 2023?

    

Las inscripciones a la Facultad de Ingeniería serán del **20 al 28 de julio de
2023.**

Las inscripciones a cursos quedarán habilitadas **a partir de fecha a
confirmar.**

**El ingreso a Facultad será por PREINSCRIPCIÓN WEB a partir del 20/7/23. Para
finalizar la inscripción los originales de la** **documentación adjuntada en
la preinscripción deberá** **n presentarse entre el 21 y el 31 de julio.**
_**No quedarán inscriptos quienes no entreguen la documentación en el plazo
indicado.**_ Para traer la documentación habrá que agendarse: Acceso a agenda
web: https://agendaweb.udelar.edu.uy/sae/agendarReserva/Paso1/FING/Ingresos+a+Facultad

**No se aceptarán inscripciones de estudiantes que tengan previas en sus
estudios preuniversitarios.**",https://www.fing.edu.uy/node/45476,INSCRIPCIÓN A CARRERA | Facultad de Ingeniería
webpages\INSCRIPCIÓN_A_CARRERA_-_Facultad_de_Ingeniería,node_45476,"Pasos a seguir para inscribirse a una carrera en la Facultad de Ingeniería:

**PASO 1.** Obtener una identidad digital por una de las siguientes vías:
usuario TuID que lo otorga ANTEL (tutorial para gestionarlo: https://www.youtube.com/watch?v=MwgwTxr_y04) o usuario GUB.UY
que lo proporciona el Estado uruguayo (tutorial para obtenerlo: https://www.youtube.com/watch?v=G-qpHeBLtig). Los
estudiantes que ya han ingresado a la UDELAR podrán inscribirse a la facultad
con la clave UDELAR.

**PASO 2.** Inscripción a la Universidad por portal bedelias.udelar.edu.uy y
adjuntar TODA la documentación requerida.

**PASO 3.** Agendarse para entregar la documentación original (Consultar en: https://agendaweb.udelar.edu.uy/sae/agendarReserva/Paso1/FING/Tramites+Generales+Bedelia+2022)

**PASO 4.** Una vez presentada presencialmente la documentación original se
enviará automáticamente un correo con el código de activación del usuario
Udelar (antes de las 72 h de recibido el código de activación proceder a crear
la contraseña).

**PASO 5.** Completar el formulario estadístico (https://formularios.udelar.edu.uy/forma/).
El formulario es de carácter obligatorio, se completa todos los años y para
cada carrera en la que estás inscipto. El estudiante que no lo realice se verá
sancionado hasta tanto lo haga y no podrá realizar ninguna actividad en la
carrera.

**Por consultas** bedelia@fing.edu.uy",https://www.fing.edu.uy/node/45476,INSCRIPCIÓN A CARRERA | Facultad de Ingeniería
webpages\INSCRIPCIÓN_A_CARRERA_-_Facultad_de_Ingeniería,node_45476,"Usuario Bedelía Udelar

    

Una vez presentados los documentos originales para tu inscripción y aceptada
tu preinscripción a la carrera, te llegará por mail un CÓDIGO DE ACTIVACIÓN.
Ese código, tiene una validez de 72h y te permite activar tu USUARIO Bedelía
Udelar (también llamado SGAE), el cual necesitarás para realizar tu
inscripción a los cursos de tu primer semestre. En el siguiente video
encuentras el procedimiento: https://www.youtube.com/watch?v=CaLtTojhOXo",https://www.fing.edu.uy/node/45476,INSCRIPCIÓN A CARRERA | Facultad de Ingeniería
webpages\INSCRIPCIÓN_A_CARRERA_-_Facultad_de_Ingeniería,node_45476,"Boletos de transporte

    

Los estudiantes de la Udelar tienen derecho a un 50% de descuento en los
**boletos urbanos**.

La Universidad pasará automáticamente a la Intendencia de Montevideo los datos
de todos aquellos estudiantes que estén habilitados para acceder a este tipo
de beneficio (sin necesidad de realizar ningún trámite).

La primera vez que saques boletos debes ir a un local de STM.

Para boletos de **transporte suburbano (metropolitanos y combinación
metropolitana-departamental)** en el siguiente enlace se encuentra un
instructivo con los pasos para tramitar la bonificación: https://www.fing.edu.uy/sites/default/files/noticias/2020/3/37546/Instructivo%20Obtencion%20Viajes%20Estudiantes%20Universitarios%20_%20Viajes%20Metropolitanos%20o%20Combinaci%C3%B3n-1-1.pdf",https://www.fing.edu.uy/node/45476,INSCRIPCIÓN A CARRERA | Facultad de Ingeniería
webpages\INSCRIPCIÓN_A_CARRERA_-_Facultad_de_Ingeniería,node_45476,"Becas

    

Los estudiantes tienen derecho a solicitar distintas becas para acompañar su
trayecto educativo dentro de la universidad.

Bienestar Universitario (Boletos, apoyo económico, comedor, alojamiento):
https://bienestar.udelar.edu.uy/programas-sociales/

Fondo de Solidaridad (apoyo económico):
https://becas.fondodesolidaridad.edu.uy",https://www.fing.edu.uy/node/45476,INSCRIPCIÓN A CARRERA | Facultad de Ingeniería
webpages\INSCRIPCIÓN_A_CURSOS_-_Facultad_de_Ingeniería,node_45477,"Inscribirte, usando tu usuario Bedelía Udelar, a los cursos
correspondientes a tu carrera

    

En esta nueva etapa, como estudiante, tendrás que ser responsable de realizar
tu inscripción a los cursos, en los plazos correspondientes. La inscripción a
los cursos la realizas con tu usuario Bedelías Udelar en
https://bedelias.udelar.edu.uy/

También tienes que encargarte de: inscripción a parciales, inscripción a
exámenes, control de inscripciones y a medida que avances en la carrera
control de previaturas (antes de inscribirte a un curso). Al finalizar el
proceso de inscripción a curso/parcial/examen, el sistema te da un número de
control que te sugerimos guardar por cualquier reclamo que tengas. Sin número
de control no se regularizan inscripciones a examen, vencido el plazo de
inscripción. Tampoco en el caso de inscripciones a parciales.

Todas estas actividades se realizan a través de www.bedelias.udelar.edu.uy,
con tu usuario de bedelías.

La información de los plazos de inscripción, horarios, salones, etc. está
disponible en: www.fing.edu.uy/bedelia

  * A continuación dispones de un video que te indica el procedimiento de inscripción a cursos y a exámenes con tu USUARIO BEDELÍA UDELAR: https://www.youtube.com/watch?v=JoJRxhHYXTA",https://www.fing.edu.uy/node/45477,INSCRIPCIÓN A CURSOS | Facultad de Ingeniería
webpages\INSCRIPCIÓN_A_CURSOS_-_Facultad_de_Ingeniería,node_45477,"Pero antes de inscribirte a los cursos queda una pregunta pendiente, ¿a qué
cursos (unidades curriculares) me inscribo?

Esta pregunta no tiene una respuesta única y en esta sección intentaremos
orientarte para elegir los cursos por los que podés optar para tu primer
semestre.

En la siguiente imagen encontrás la currícula sugerida para tu primer
semestre, si podés dedicar a la facultad al menos 40h por semana: https://www.fing.edu.uy/sites/default/files/inline-images/sugerencias%20cursar%202do%20semestre%202023.jpg

Las carreras tienen un trayecto sugerido para que puedas progresar en la
carrera a un ritmo constante y cumplir con los requisitos de egreso. A
continuación te dejamos una lista con todas las carreras que se dictan en la
facultad, seleccionando cada una te dirige a una página web con la currícula
sugerida completa (todos los semestres de cada carrera).

Cabe aclarar que no todas las unidades curriculares se dictan en los dos
semestres del año y que la currícula sugerida está armada tomando como primer
semestre, el semestre impar (primero del año). Física 1, GAL 1, CDIV y los
talleres iniciales se dictan en ambos semestre.",https://www.fing.edu.uy/node/45477,INSCRIPCIÓN A CURSOS | Facultad de Ingeniería
webpages\INSCRIPCIÓN_A_CURSOS_-_Facultad_de_Ingeniería,node_45477,"Las previas son aquellas unidades curriculares que es necesario tener
aprobadas para poder cursar otras unidades curriculares más avanzadas. Podés
verificar las previas de cada asignatura en la web de bedelías:
https://bedelias.udelar.edu.uy/",https://www.fing.edu.uy/node/45477,INSCRIPCIÓN A CURSOS | Facultad de Ingeniería
webpages\INSCRIPCIÓN_A_CURSOS_-_Facultad_de_Ingeniería,node_45477,"## Recomendaciones para planificar qué cursar

Como te hemos comentado anteriormente cada carrera tiene una currícula
sugerida, donde, como dice el nombre, se sugieren cursos a realizar en cada
semestre. Lo primero que debe quedar claro es que nadie te va a exigir que
curses lo recomendado, sino que podes elegir en base a tus tiempos cuántos y
cuáles cursos hacer.

El crédito pretende ser un instrumento para medir el avance, pero también es
útil para cuantificar la demanda de tiempo que lleva cada curso (un curso con
más créditos se estima que lleva más tiempo de estudio que uno de menos
créditos).

Entonces, ¿en vez de cursar GAL 1, Física 1 y CDIV en tu primer semestre,
puedes cursar GAL 1 y CDIV solamente? Sí.

Lo anterior puede conllevar un riesgo y es que los cursos más avanzados (en
general a partir del 3er semestre de la carrera) tienen previas, entonces al
momento de tomar decisiones te conviene pensar en algunos semestres para
adelante. Este ejercicio no te lo proponemos para el arranque, pero en caso de
que tus tiempos sean limitados te sugerimos ponerte en contacto con el Espacio
de Orientación y Consulta (EOC) para orientarte en la toma de decisiones
(orientacion@fing.edu.uy)

El abanico de posibilidades al comenzar no es muy amplio pero aún así hay
algunas decisiones que podes tomar.",https://www.fing.edu.uy/node/45477,INSCRIPCIÓN A CURSOS | Facultad de Ingeniería
webpages\INSCRIPCIÓN_A_CURSOS_-_Facultad_de_Ingeniería,node_45477,"##### MATEMÁTICA INICIAL.

Es un curso inicial de matemática que pretende darte herramientas para que
puedas afrontar la matemática de la facultad de la mejor manera posible. Es
una propuesta de trabajo que impulsa la participación activa de los
estudiantes, resolviendo ejercicios de forma individual y grupal con la guía
de dos docentes en clase y con varias evaluaciones en el semestre.

Es un curso opcional, pero que **no puede ser cursado en simultáneo con
Cálculo Diferencial e Integral en una Variable (CDIV).**

La Prueba Inicial se realiza previo al inicio de los cursos y busca evaluar
los conocimientos adquiridos durante la educación media que se consideran
necesarios para un buen desempeño en los cursos de matemática de primer año.
La Facultad te sugiere que en caso de no acreditar en el resultado de tu
prueba diagnóstica de matemática, elijas cursar Matemática Inicial en vez de
CDIV.

Más información sobre la prueba se encuentra en el siguiente enlace:
https://www.fing.edu.uy/node/45478

Por más información de Matemática Inicial, podés dirigirte a la página del
curso: https://eva.fing.edu.uy/course/view.php?id=1586",https://www.fing.edu.uy/node/45477,INSCRIPCIÓN A CURSOS | Facultad de Ingeniería
webpages\INSCRIPCIÓN_A_CURSOS_-_Facultad_de_Ingeniería,node_45477,"##### ¿Cuál es nuestra sugerencia para elegir qué cursar?

Te proponemos que vayas analizando el nivel de exigencia de los cursos en las
primeras semanas y tu desempeño. En caso de que veas que no podés con todo es
una decisión razonable a tomar es desistir de algunas unidades curriculares
(dejándolas para el siguiente semestre) y optar por Matemática Inicial en vez
de CDIV (no se pueden cursar a la vez).

No obstante, puede que sigas teniendo dudas o preguntas; intentaremos ayudarte
a responderlas en el Taller de Iniciación a la Planificación Estratégica
(TIPE) para estudiantes de ingreso, que se desarrollará en el marco de la
Actividad Introductoria, previo al inicio del semestre.",https://www.fing.edu.uy/node/45477,INSCRIPCIÓN A CURSOS | Facultad de Ingeniería
webpages\INSCRIPCIÓN_A_CURSOS_-_Facultad_de_Ingeniería,node_45477,"Crear tu Usuario Informático

    

Para transitar tu carrera, además de contar con tu USUARIO BEDELIA UDELAR
tienes que contar con el USUARIO INFORMÁTICO que además de permitirte el
acceso a el Entorno Virtual de Aprendizaje (EVA), te permite acceder los
distintos servicios disponibles para los estudiantes, con los que cuenta la
infraestructura informática de la facultad como: laboratorios de PCs Windows y
Linux, acceso externo (vía Secure Shell) a las salas Linux, Repositorio
Gitlab, entre otros. Podrás crear tu USUARIO INFORMÁTICO, una vez tengas
activo tu USUARIO BEDELÍA UDELAR.

En el siguiente video encontrarás el procedimiento para crear tu USUARIO
INFORMÁTICO: https://youtu.be/KV-Ex2U5DhQ

Más información y tutoriales sobre USUARIO INFORMÁTICO, aquí:
https://www.fing.edu.uy/es/sysadmin/usuarios-estudiantiles

**El Usuario Bedelía Udelar no es lo mismo que el usuario Informático**

Para ampliar lo anterior dispones del siguiente video con las diferencias
entre el USUARIO BEDELIA UDELAR y el USUARIO INFORMÁTICO: https://youtu.be/kMwSE8Yg3ko",https://www.fing.edu.uy/node/45477,INSCRIPCIÓN A CURSOS | Facultad de Ingeniería
webpages\INSCRIPCIÓN_A_CURSOS_-_Facultad_de_Ingeniería,node_45477,"Matricularte a cursos en EVA

    

El EVA es la plataforma donde se alojan los cursos de la Facultad. A
continuación cuentas con el enlace para acceder: https://eva.fing.edu.uy/

Para que puedas recibir información de cada curso, acceder a sus contenidos e
incluso en algunas ocasiones a pruebas dentro de la plataforma EVA, es
necesario que te matricules a cada curso. Sin embargo la matriculación en EVA
no sustituye la inscripción al curso en Bedelía; es importante que lo tengas
claro e indispensable que realices ambas cosas para comenzar tus cursos al
inicio del semestre.

En el siguiente video encuentras cómo matricularte a cursos en EVA: https://youtu.be/YvrLsiezrAg

Más información y tutoriales sobre el uso del EVA, aquí:
https://eva.fing.edu.uy/course/view.php?id=899.",https://www.fing.edu.uy/node/45477,INSCRIPCIÓN A CURSOS | Facultad de Ingeniería
webpages\Posgrado_y_Educación_Permanente_-_Facultad_de_Ingeniería,posgrado,"#  Posgrado y Educación Permanente

La Facultad de Ingeniería, como parte de la Universidad de la República,
brinda carreras de posgrado y educación permanente. Se entiende por carreras
de posgrado, aquellos estudios que habilitan a la obtención de Títulos o
Diplomas que supongan para su realización, que el alumno sea graduado
universitario o que, excepcionalmente, acredite formación equivalente.

**Información general**

  * Director de posgrados: Gustavo Sánchez
  * Contacto: posgrado@fing.edu.uy
  * Por difusión de Posgrados: comunicacionposgrado@fing.edu.uy
  * LinkedIn con información de interés sobre Posgrados de Fing: https://www.linkedin.com/company/fingudelar/",https://www.fing.edu.uy/es/posgrado,Posgrado y Educación Permanente | Facultad de Ingeniería
webpages\Preguntas_frecuentes_-_Facultad_de_Ingeniería,ensenanza_espacio-de-orientaci%C3%B3n-y-consulta_preguntas-frecuentes,"**¿Cuándo son las inscripciones?**  
Las inscripciones a la Facultad son en los meses de febrero y julio.  
Toda la información sobre inscripciones se encuentra en:
https://www.fing.edu.uy/bedelia",https://www.fing.edu.uy/es/ensenanza/espacio-de-orientaci%C3%B3n-y-consulta/preguntas-frecuentes,Preguntas Frecuentes | Facultad de Ingeniería
webpages\Preguntas_frecuentes_-_Facultad_de_Ingeniería,ensenanza_espacio-de-orientaci%C3%B3n-y-consulta_preguntas-frecuentes,"**¿Qué carreras puedo estudiar en FIng?**  
Luego de terminar la educación media puedes estudiar un tecnólogo (2 a 3
años), una licenciatura (4 años) o una carrera de ingeniería (5 años).

Más información en: https://www.fing.edu.uy/ensenanza/carreras-de-grado",https://www.fing.edu.uy/es/ensenanza/espacio-de-orientaci%C3%B3n-y-consulta/preguntas-frecuentes,Preguntas Frecuentes | Facultad de Ingeniería
webpages\Preguntas_frecuentes_-_Facultad_de_Ingeniería,ensenanza_espacio-de-orientaci%C3%B3n-y-consulta_preguntas-frecuentes,"**¿Qué orientación de educación media necesito para estudiar las carreras de
la Facultad de Ingeniería?  
** La Facultad elaboró un documento con los estudios preuniversitarios
requeridos, disponible en: https://www.fing.edu.uy/sites/default/files/noticias/2015/6/23736/Requisitos2015.pdf",https://www.fing.edu.uy/es/ensenanza/espacio-de-orientaci%C3%B3n-y-consulta/preguntas-frecuentes,Preguntas Frecuentes | Facultad de Ingeniería
webpages\Preguntas_frecuentes_-_Facultad_de_Ingeniería,ensenanza_espacio-de-orientaci%C3%B3n-y-consulta_preguntas-frecuentes,"**¿Cuándo inician las clases?**  
Las asignaturas de Facultad se dictan por semestres. El calendario de inicio
de clases puede verse en: https://www.fing.edu.uy/es/bedelia/calendario-lectivo 
En los primeros años las asignaturas se repiten en ambos semestres, por esa
razón hay dos períodos de inscripción.",https://www.fing.edu.uy/es/ensenanza/espacio-de-orientaci%C3%B3n-y-consulta/preguntas-frecuentes,Preguntas Frecuentes | Facultad de Ingeniería
webpages\Preguntas_frecuentes_-_Facultad_de_Ingeniería,ensenanza_espacio-de-orientaci%C3%B3n-y-consulta_preguntas-frecuentes,"**¿De dónde puedo estudiar conceptos básicos de matemática para encarar mejor
las asignaturas?**  
La Facultad ha generado materiales de autoestudio de Matemática.

El material se encuentra disponible en: https://www.fing.edu.uy/sites/default/files/noticias/2012/3/5506/Autoestudio.pdf",https://www.fing.edu.uy/es/ensenanza/espacio-de-orientaci%C3%B3n-y-consulta/preguntas-frecuentes,Preguntas Frecuentes | Facultad de Ingeniería
webpages\Preguntas_frecuentes_-_Facultad_de_Ingeniería,ensenanza_espacio-de-orientaci%C3%B3n-y-consulta_preguntas-frecuentes,"**¿A dónde tengo que dirigirme para consultar sobre previaturas, horarios,
inscripciones y problemas con la clave?**  
 _Estas dudas deben consultarse en el Departamento de
Bedelía:https://www.fing.edu.uy/bedelia  ",https://www.fing.edu.uy/es/ensenanza/espacio-de-orientaci%C3%B3n-y-consulta/preguntas-frecuentes,Preguntas Frecuentes | Facultad de Ingeniería
webpages\Preguntas_frecuentes_-_Facultad_de_Ingeniería,ensenanza_espacio-de-orientaci%C3%B3n-y-consulta_preguntas-frecuentes,"**¿Cuáles son los horarios de Bedelía y Mesa de entrada?**

  * _Bedelía:_ se encuentran en _https://www.fing.edu.uy/bedelia.
  * _Mesa de entrada:_ se encuentran en https://www.fing.edu.uy/servicios/div-secretar%C3%ADa/secretar%C3%ADa",https://www.fing.edu.uy/es/ensenanza/espacio-de-orientaci%C3%B3n-y-consulta/preguntas-frecuentes,Preguntas Frecuentes | Facultad de Ingeniería
webpages\Preguntas_frecuentes_-_Facultad_de_Ingeniería,ensenanza_espacio-de-orientaci%C3%B3n-y-consulta_preguntas-frecuentes,"**  
¿A dónde puedo dirigirme para obtener ayuda para la planificación de mi
semestre, dificultades en el avance, estrategias de estudio, etc?**  
Al Espacio de Orientación de Consulta, los horarios de atención se encuentan
en: https://www.fing.edu.uy/ensenanza/espacio-de-orientaci%C3%B3n-y-consulta/consultas-y-orientacion

O a través del correo: orientacion@fing.edu.uy",https://www.fing.edu.uy/es/ensenanza/espacio-de-orientaci%C3%B3n-y-consulta/preguntas-frecuentes,Preguntas Frecuentes | Facultad de Ingeniería
webpages\Preguntas_frecuentes_-_Facultad_de_Ingeniería,ensenanza_espacio-de-orientaci%C3%B3n-y-consulta_preguntas-frecuentes,"**  
¿Cómo puedo enviar consultas sobre las fechas de períodos de parciales y
exámenes?**  
Se debe enviar un correo a calendario_cursos@fing.edu.uy dentro de los
períodos correspondientes.",https://www.fing.edu.uy/es/ensenanza/espacio-de-orientaci%C3%B3n-y-consulta/preguntas-frecuentes,Preguntas Frecuentes | Facultad de Ingeniería
webpages\Preguntas_frecuentes_-_Facultad_de_Ingeniería,ensenanza_espacio-de-orientaci%C3%B3n-y-consulta_preguntas-frecuentes,"**¿Cómo hago para revalidar asignaturas o carreras del exterior?  
** Para solicitar una reválida de título o asignatura debe dirigirse a la
Sección Reguladora de Trámites  
de la Facultad de Ingeniería, ubicada en Piso 1 del Cuerpo Central. ****

Más información en: https://www.fing.edu.uy/servicios/div-secretar%C3%ADa/secretar%C3%ADa",https://www.fing.edu.uy/es/ensenanza/espacio-de-orientaci%C3%B3n-y-consulta/preguntas-frecuentes,Preguntas Frecuentes | Facultad de Ingeniería
webpages\Preguntas_frecuentes_-_Facultad_de_Ingeniería,ensenanza_generaci%C3%B3n-de-ingreso_talleres-de-orientaci%C3%B3n-al-inicio-toi,"**A continuación te dejamos un adelanto de alguna información que te
brindaremos en la Actividad Introductoria...**  
---  
  
El primer día de la Actividad introductoria tendrás una charla con uno de los
Asistentes Académicos que integra el Espacio de Orientación y Consulta (EOC).

El EOC se crea en 2013 y uno de sus objetivos es convertirse en un espacio de
referencia durante tu vida como estudiante de la facultad; a donde poder
dirigirte en caso de necesitar orientación académica pero también referida al
funcionamiento de la facultad.

Aquí te dejamos respuesta a 13 preguntas que recibimos con frecuencia; pero no
dudes en contactarnos a través del correo electrónico orientacion@fing.edu.uy

Más información sobre el EOC encontrás en:
https://www.fing.edu.uy/es/ensenanza/espacio-de-orientaci%C3%B3n-y-cons… ",https://www.fing.edu.uy/es/ensenanza/generaci%C3%B3n-de-ingreso/talleres-de-orientaci%C3%B3n-al-inicio-toi,Preguntas frecuentes | Facultad de Ingeniería
webpages\Preguntas_frecuentes_-_Facultad_de_Ingeniería,ensenanza_generaci%C3%B3n-de-ingreso_talleres-de-orientaci%C3%B3n-al-inicio-toi,"¿Qué es un plan de estudios?

    

Es el programa en que se detalla el conjunto de unidades curriculares (en el
liceo le llamabas materias) que se deben cursar para obtener un título.

Las características principales de los planes de estudios en la Facultad de
Ingeniería son:

  * Semestralización de las unidades curriculares (los cursos no son anuales sino que duran medio año. El primer semestre en general va de marzo a julio y el segundo de agosto a diciembre, aproximadamente).
  * Existencia de parciales y posibilidad de exoneración (exonerar es equivalente a aprobar un curso. En general para exonerar un curso del primer semestre tenés que sumar al menos 60 puntos en el desempeño de ambos parciales y para ganarlo sólo 25 puntos. Pero ese requisito depende del curso y siempre se indica en el programa.
  * Sistema de previaturas (Por ejemplo para cursar Geometría y Álgebra Lineal 2 tenés que haber al menos ganado el curso de Geometría y Álgebra Lineal 1; aunque te puedas anotar, bedelía te inhabilita cuando controla las actas)
  * Creditización de las carreras. (Un crédito es una medida de avance de la carrera; por ejemplo para obtener cualquier título de ingeniería se deben juntar al menos 450 créditos pero además créditos mínimos por materia. Por ejemplo en la Materia Matemática, se incluyen los cálculos y las álgebras - entre otras unidades curriculares)
  * Duración nominal de las carreras de Ingeniería 5 años.",https://www.fing.edu.uy/es/ensenanza/generaci%C3%B3n-de-ingreso/talleres-de-orientaci%C3%B3n-al-inicio-toi,Preguntas frecuentes | Facultad de Ingeniería
webpages\Preguntas_frecuentes_-_Facultad_de_Ingeniería,ensenanza_generaci%C3%B3n-de-ingreso_talleres-de-orientaci%C3%B3n-al-inicio-toi,"¿Qué es un crédito?

    

Un CRÉDITO equivale a 15 horas de estudio (suma de horas presenciales en
clase, trabajo asistido, talleres y trabajo estrictamente personal).

1 CRÉDITO son 15 HORAS DE ESTUDIO

1 SEMESTRE tiene 15 SEMANAS DE CLASE

Entonces 1 crédito equivale a 1 HORA DE ESTUDIO POR SEMANA

Así por ejemplo cursar Cálculo DIV, que al aprobarlo suma 13 créditos en la
materia matemática de la escolaridad, implica una dedicación aproximada de 13
horas semanales para la unidad curricular.",https://www.fing.edu.uy/es/ensenanza/generaci%C3%B3n-de-ingreso/talleres-de-orientaci%C3%B3n-al-inicio-toi,Preguntas frecuentes | Facultad de Ingeniería
webpages\Preguntas_frecuentes_-_Facultad_de_Ingeniería,ensenanza_generaci%C3%B3n-de-ingreso_talleres-de-orientaci%C3%B3n-al-inicio-toi,"¿Se puede tener inscripción en más de una carrera?

    

Sí. En caso de hacerlo se validan automáticamente las unidades curriculares
aprobadas comunes a las carreras en cuestión.

Por ejemplo si te anotaste a Ing. Eléctrica, aprobaste Cálculo Diferencial e
Integral en una Variable (Cálculo DIV) y te abrís la carrera de Ing. Civil; en
tu escolaridad de ing. Civil va a aparecer automáticamente Cálculo DIV
aprobada.",https://www.fing.edu.uy/es/ensenanza/generaci%C3%B3n-de-ingreso/talleres-de-orientaci%C3%B3n-al-inicio-toi,Preguntas frecuentes | Facultad de Ingeniería
webpages\Preguntas_frecuentes_-_Facultad_de_Ingeniería,ensenanza_generaci%C3%B3n-de-ingreso_talleres-de-orientaci%C3%B3n-al-inicio-toi,"¿Qué es la currícula sugerida?

    

Para obtener el título se debe aprobar un conjunto de unidades curriculares
obligatorias y otras que pueden ser elegidas, pero deben estar incluidas en la
currícula aprobada, llamadas unidades curriculares opcionales y/o electivas.

En el siguiente enlace encontrás el listado de carreras y para cada una se
ofrece variada información entre la que vas a encontrar la currícula sugerida:
https://www.fing.edu.uy/es/ensenanza/carreras-de-grado

La currícula se dice sugerida porque el ritmo de cursado así como el momento
en el que se cursen las unidades curriculares ofrece cierta flexibilidad, de
acuerdo con el régimen de previaturas (para cursar una unidad curricular a
veces debo haber aprobado otra antes) y la oferta de unidades curriculares
opcionales y/o electivas para la carrera elegida.",https://www.fing.edu.uy/es/ensenanza/generaci%C3%B3n-de-ingreso/talleres-de-orientaci%C3%B3n-al-inicio-toi,Preguntas frecuentes | Facultad de Ingeniería
webpages\Preguntas_frecuentes_-_Facultad_de_Ingeniería,ensenanza_generaci%C3%B3n-de-ingreso_talleres-de-orientaci%C3%B3n-al-inicio-toi,"¿A qué cursos me anoto el primer semestre?

    

##### Todas las inscripciones a los cursos se realizan en

##### https://bedelias.udelar.edu.uy/

A los estudiantes que ingresan avanzado el primer semestre se les recomienda
cursar Matemática Inicial en lugar de Cálculo Diferencial e Integral en una
Variable (Cálculo DIV). Más información sobre el curso de Matemática inicial
encuentran en el siguiente enlace:
https://eva.fing.edu.uy/course/view.php?id=1296",https://www.fing.edu.uy/es/ensenanza/generaci%C3%B3n-de-ingreso/talleres-de-orientaci%C3%B3n-al-inicio-toi,Preguntas frecuentes | Facultad de Ingeniería
webpages\Preguntas_frecuentes_-_Facultad_de_Ingeniería,ensenanza_generaci%C3%B3n-de-ingreso_talleres-de-orientaci%C3%B3n-al-inicio-toi,"¿Cómo se aprueba un curso?

    

El puntaje requerido para aprobar un curso, depende de cada curso y se
establece en su programa.

Para el caso de las unidades curriculares del primer semestre, dentro de la
materia Física y Matemática, en general (pero deberás verificarlo) durante el
curso hay dos evaluaciones parciales, la primera con un máximo de 60 puntos y
la segunda con un máximos de 40 puntos. De los 100 puntos totales, alcanzás la
exoneración si sumas al menos 60, entre los dos parciales.

Si entre los dos parciales sumas entre 25 y 59 puntos; ganas el curso pero
deberás aprobar cuanto antes el examen.",https://www.fing.edu.uy/es/ensenanza/generaci%C3%B3n-de-ingreso/talleres-de-orientaci%C3%B3n-al-inicio-toi,Preguntas frecuentes | Facultad de Ingeniería
webpages\Preguntas_frecuentes_-_Facultad_de_Ingeniería,ensenanza_generaci%C3%B3n-de-ingreso_talleres-de-orientaci%C3%B3n-al-inicio-toi,"¿Qué es ganar un curso?

    

Los cursos se pueden exonerar o ganar. Adquirir una u otra condición depende
de tu desempeño durante el curso y eso está directamente relacionado a la
cantidad de puntos que hayas obtenido en las evaluaciones parciales.

Ganar un curso significa que llegaste al puntaje definido para acreditar un
conocimiento mínimo y que te permite avanzar en el siguiente curso sin haber
aprobado aún el examen. Por ejemplo para unidades curriculares del primer año
es el caso de las Álgebras; podes cursar GAL 2 aunque sólo hayas ganado el
curso de GAL 1 y te reste aprobar el examen.",https://www.fing.edu.uy/es/ensenanza/generaci%C3%B3n-de-ingreso/talleres-de-orientaci%C3%B3n-al-inicio-toi,Preguntas frecuentes | Facultad de Ingeniería
webpages\Preguntas_frecuentes_-_Facultad_de_Ingeniería,ensenanza_generaci%C3%B3n-de-ingreso_talleres-de-orientaci%C3%B3n-al-inicio-toi,"¿Qué es exonerar un curso?

    

Exonerar un curso es lo mismo que aprobarlo. Sólo que la exoneración la
obtenés a lo largo del curso; según el puntaje obtenido en las evaluaciones
parciales y lo establecido en el programa para lograr la exoneración. La
aprobación.

Si durante el curso no alcanzás el puntaje para la exoneración, deberás
aprobar en el examen o volver a cursar para nuevamente intentar la exoneración
a través de las evaluaciones parciales.",https://www.fing.edu.uy/es/ensenanza/generaci%C3%B3n-de-ingreso/talleres-de-orientaci%C3%B3n-al-inicio-toi,Preguntas frecuentes | Facultad de Ingeniería
webpages\Preguntas_frecuentes_-_Facultad_de_Ingeniería,ensenanza_generaci%C3%B3n-de-ingreso_talleres-de-orientaci%C3%B3n-al-inicio-toi,"¿Las unidades curriculares se cursan en cualquier orden?

    

No, existe un sistema de previaturas que seguir. Eso implica que para cursar
muchas de las unidades curriculares se debe tener otra unidad curricular
aprobada o un conjunto de ellas. La información disponible sobre previaturas
la encontrás en: www.bedelias.udelar.edu.uy

Pero aquellas unidades curriculares que no tienen previas y que no son previas
de otras (un ejemplo de ello puede ser Economía) se pueden cursar en cualquier
momento de la carrera.",https://www.fing.edu.uy/es/ensenanza/generaci%C3%B3n-de-ingreso/talleres-de-orientaci%C3%B3n-al-inicio-toi,Preguntas frecuentes | Facultad de Ingeniería
webpages\Preguntas_frecuentes_-_Facultad_de_Ingeniería,ensenanza_generaci%C3%B3n-de-ingreso_talleres-de-orientaci%C3%B3n-al-inicio-toi,"¿Las unidades curriculares se cursan en cualquier momento del año?

    

No todas.

Hay algunas que se dictan en los dos semestres del año. Son ejemplo de ello
las unidades curriculares de los primeros dos semestres de todas las carreras
de ingeniería.

Pero a medida que se avanza en la carrera las unidades curriculares tienden a
corresponder a uno u otro semestre; no se dictan en ambos",https://www.fing.edu.uy/es/ensenanza/generaci%C3%B3n-de-ingreso/talleres-de-orientaci%C3%B3n-al-inicio-toi,Preguntas frecuentes | Facultad de Ingeniería
webpages\Preguntas_frecuentes_-_Facultad_de_Ingeniería,ensenanza_generaci%C3%B3n-de-ingreso_talleres-de-orientaci%C3%B3n-al-inicio-toi,"¿Puedo cursar una unidad curricular tantas veces quiera?

    

No, depende de la unidad curricular.

Las unidades curriculares que tienen calidad de libre tienen límite de cursada
2.

Esto significa que luego de cursar 2 veces y no lograr la exoneración no podés
volver a cursar y deberás aprobarla rindiendo el examen.

La calidad de libre significa también que no es necesario ganar el curso para
tener habilitación para rendir el examen; te podés anotar directo para
rendirlo, aún sin haber cursado la unidad curricular.

La lista de unidades curriculares la encontrás en el siguiente enlace:
https://www.fing.edu.uy/es/noticias/bedelia/calidad-de-libre
",https://www.fing.edu.uy/es/ensenanza/generaci%C3%B3n-de-ingreso/talleres-de-orientaci%C3%B3n-al-inicio-toi,Preguntas frecuentes | Facultad de Ingeniería
webpages\Preguntas_frecuentes_-_Facultad_de_Ingeniería,ensenanza_generaci%C3%B3n-de-ingreso_talleres-de-orientaci%C3%B3n-al-inicio-toi,"¿Qué responsabilidades debo asumir, como estudiante de facultad?

    

Es tu responsabilidad como estudiante universitario realizar las siguientes
actividades en los plazos correspondientes:

  * Inscripción a cursos.
  * Inscripción a exámenes.
  * Control de inscripciones.
  * Control de previaturas.

Al finalizar el proceso de inscripción a curso/examen, el sistema te dará un
número de control que te sugerimos guardar por cualquier reclamo que tengas.

Sin número de control no se regularizan inscripciones a examen, vencido el
plazo de inscripción.

Todas estas actividades se realizan a través de www.bedelias.udelar.edu.uy ,
con tu usuario de bedelías.

La información de los plazos de inscripción, horarios, salones, etc está
disponible en: www.fing.edu.uy/bedelia",https://www.fing.edu.uy/es/ensenanza/generaci%C3%B3n-de-ingreso/talleres-de-orientaci%C3%B3n-al-inicio-toi,Preguntas frecuentes | Facultad de Ingeniería
webpages\Preguntas_frecuentes_-_Facultad_de_Ingeniería,ensenanza_generaci%C3%B3n-de-ingreso_talleres-de-orientaci%C3%B3n-al-inicio-toi,"¿Dónde puedo encontrar información importante y/o a quién puedo consultar
dudas?

    

  * En la web del depto. de Bedelías: https://www.fing.edu.uy/es/bedelia
  * En el Entorno Virtual de Aprendizaje (EVA) de cada curso. Accedés a la matriculación a través del siguiente enlace: https://eva.fing.edu.uy/course/index.php?categoryid=2
  * En el Espacio de Orientación y Consulta, a través del mail orientacion@fing.edu.uy o en su web: https://www.fing.edu.uy/es/ensenanza/espacio-de-orientaci%C3%B3n-y-consulta",https://www.fing.edu.uy/es/ensenanza/generaci%C3%B3n-de-ingreso/talleres-de-orientaci%C3%B3n-al-inicio-toi,Preguntas frecuentes | Facultad de Ingeniería
webpages\Preguntas_frecuentes_-_Facultad_de_Ingeniería,ensenanza_generaci%C3%B3n-de-ingreso_talleres-de-orientaci%C3%B3n-al-inicio-toi,"¿Qué son las mentorias de Alumni y cómo me inscribo?

    

El programa de mentorías te vincula con un ex alumno de Facultad,
preferentemente de tu carrera, que te ayudará en la adaptación en la etapa
inicial y te podrá mostrar cómo es la práctica profesional.

Más información aquí: https://www.fing.edu.uy/es/node/48513",https://www.fing.edu.uy/es/ensenanza/generaci%C3%B3n-de-ingreso/talleres-de-orientaci%C3%B3n-al-inicio-toi,Preguntas frecuentes | Facultad de Ingeniería
webpages\Procedimientos_para_solicitudes_-_Facultad_de_Ingeniería,ensenanza_espacio-de-orientaci%C3%B3n-y-consulta_procedimientos-para-solicitudes,"#  Procedimientos para solicitudes

Hay 2 lugares donde iniciar solicitudes:

_1-_ _FORMULARIO WEB_ en el caso de:

-Inscripción tardía 

-Desistimiento tardío

-Levantado de previas

-Extensión de la ganancia de un curso

-Calidad de libre

-Levantado del límite de cursado.

Formulario web disponible disponible en el siguiente enlace:
**https://www.fing.edu.uy/es/form/solicitudes-eoc**

**Las solicitudes pueden demorar hasta 15 días hábiles.**

**Plazos para iniciar solicitudes de excepción de cursos:**

**Primer semestre:** se tramitan hasta el 29/3/2023.

**Segundo semestre:** se tramitan hasta el 01/09/2023.

_2- ____MESA DE ENTRADA_ en el caso de: Ingreso - Inscripción extracurricular
- Adecuación curricular - Reválida - Aprobación de perfil. Información de
contacto de mesa de entrada para consultar procedimiento a seguir disponible
en el siguiente enlace: https://www.fing.edu.uy/servicios/div-
secretar%C3%ADa/secretar%C3%ADa

**La resolución de todos los trámites, independientemente de donde se inicien,
puede demorar hasta 15 días hábiles. Para hacer seguimiento escribir
aorientacion@fing.edu.uy o responder al mail recibido, al momento de iniciar
el formulario.**",https://www.fing.edu.uy/ensenanza/espacio-de-orientaci%C3%B3n-y-consulta/procedimientos-para-solicitudes,Procedimientos para solicitudes | Facultad de Ingeniería
webpages\Procedimientos_para_solicitudes_-_Facultad_de_Ingeniería,ensenanza_espacio-de-orientaci%C3%B3n-y-consulta_procedimientos-para-solicitudes,"Desistimientos tardíos a exámenes**

No son necesarios este tipo de solicitudes ya que en caso de no presentarse a
un examen, no se registra ni se computa una oportunidad de rendirlo.",https://www.fing.edu.uy/ensenanza/espacio-de-orientaci%C3%B3n-y-consulta/procedimientos-para-solicitudes,Procedimientos para solicitudes | Facultad de Ingeniería
webpages\Procedimientos_para_solicitudes_-_Facultad_de_Ingeniería,ensenanza_espacio-de-orientaci%C3%B3n-y-consulta_procedimientos-para-solicitudes,"Cursado excepcional**

  * **Exoneración límite de cursada** _(se retoma la contabilización de cursadas a partir de febrero 2023)_
    * La justificación de la solicitud debe incluir información relevante para la toma de la decisión: **plan de cursado anual** (qué estás cursando el semestre actual y qué es probable que curses el próximo semestre), situación laboral, compromiso con la unidad curricular en cuestión para el semestre, última vez cursada, por qué recursar y no dar el examen (en caso de unidades curriculares con curso ganado o calidad de libre). Además deberá decir exactamente qué número de cursada (cantidad) se solicita, esta información se puede consultar en bedelía, en caso de que la cantidad sea otra a la solicitada en la carta, puede cambiar la resolución de la misma. **NO se considera una justificación haber agotado las instancias reglamentarias y estar en calidad de libre o solo por el deseo de obtener la exoneración para no rendir examen.** La escolaridad que se adjunta debe contener resultados intermedios que es el de los **cursos**.
    * **IMPORTANTE:** Te sugerimos que antes de iniciar la solicitud te acerques al EOC en cualquiera de los horarios para consultar la viabilidad de la misma y agilizar el proceso. De lo contrario serás igualmente convocado a una entrevista vía e-mail, por lo que es importante que incluyas en la carta tu correo institucional (@fing), ya que hemos tenido inconvenientes con otros servidores. Revisar el correo y confirmar la asistencia a la entrevista será tu responsabilidad. ****",https://www.fing.edu.uy/ensenanza/espacio-de-orientaci%C3%B3n-y-consulta/procedimientos-para-solicitudes,Procedimientos para solicitudes | Facultad de Ingeniería
webpages\Procedimientos_para_solicitudes_-_Facultad_de_Ingeniería,ensenanza_espacio-de-orientaci%C3%B3n-y-consulta_procedimientos-para-solicitudes," * **Levantado de previas**
    * _Unidades curriculares básicas_
      * No se aceptan levantados de previas de estas unidades curriculares, a menos que haya reválidas en trámite o motivos realmente excepcionales que ameriten.
    * _Unidades curriculares avanzadas_
      * La resolución de estos expedientes dependen de cada carrera, se recomienda previo a iniciar el trámite y en la medida de las posibilidades consultar previamente la viabilidad del pedido con la comisión de carrera.",https://www.fing.edu.uy/ensenanza/espacio-de-orientaci%C3%B3n-y-consulta/procedimientos-para-solicitudes,Procedimientos para solicitudes | Facultad de Ingeniería
webpages\Procedimientos_para_solicitudes_-_Facultad_de_Ingeniería,ensenanza_espacio-de-orientaci%C3%B3n-y-consulta_procedimientos-para-solicitudes,"Calidad de libre**

Hay un listado de unidades curriculares con dicha condición en este link; ello
implica que se está habilitado para rendir el examen aún sin haber obtenido la
ganancia del curso. En caso de que la unidad curricular NO pertenezca al
listado, es necesario llenar un formulario; de lo contrario basta con cumplir
con las prevbias del curso y realizar la inscripción al examen en el plazo
establecido para ello.",https://www.fing.edu.uy/ensenanza/espacio-de-orientaci%C3%B3n-y-consulta/procedimientos-para-solicitudes,Procedimientos para solicitudes | Facultad de Ingeniería
webpages\Procedimientos_para_solicitudes_-_Facultad_de_Ingeniería,ensenanza_espacio-de-orientaci%C3%B3n-y-consulta_procedimientos-para-solicitudes,"Reválidas**

Información disponible: https://www.fing.edu.uy/servicios/div-secretar%C3%ADa/secretar%C3%ADa",https://www.fing.edu.uy/ensenanza/espacio-de-orientaci%C3%B3n-y-consulta/procedimientos-para-solicitudes,Procedimientos para solicitudes | Facultad de Ingeniería
webpages\Procedimientos_para_solicitudes_-_Facultad_de_Ingeniería,ensenanza_espacio-de-orientaci%C3%B3n-y-consulta_procedimientos-para-solicitudes," **Procedimiento a seguir para situaciones de discapacidad y dislexia**

La Facultad de Ingeniería se encuentra trabajando en un protocolo de gestión
interna para aplicar en casos de discapacidad y dislexia, con el objetivo de
relevar y accesibilizar los trayectos de los estudiantes.

Pasos a seguir por aquellas personas que estudien en FIng y se autoperciban
con alguna dificultad, de las señaladas:

1- Comunicarse con el Espacio de Orientación y Consulta (EOC), ya sea a través
de los horarios de atención o del correo electrónico orientacion@fing.edu.uy.

2- Iniciar trámite entregando en el Espacio de Orientación y Consulta, en el
horario de lunes de 14 a 15h la siguiente documentación imprescindible:

  * Carta dirigida al decano haciendo la solicitud, con información de contacto (mail y número de teléfono) y mencionando aquellas estrategias usadas y que le hayan dado resultado.

Descargar un modelo: https://www.fing.edu.uy/sites/default/files/2023-06/plantilla%20solicitud%20adecuacion%20curricular.pdf

Descargar un modelo que puede editarse: https://www.fing.edu.uy/sites/default/files/2023-06/plantilla%20solicitud%20adecuacion%20curricular.odt

  * Escolaridad con resultados intermedios.
  * En caso de contar con algún psicodiagnóstico, se recomienda agregar una copia.

3- Luego de iniciado el trámite, la información irá a la División
Universitaria de la Salud, organismo que elaborará un informe con las
recomendaciones del caso, que serán informadas a los docentes por parte de la
Unidad de Enseñanza de la Facultad. Pero mientras ello ocurre los docentes
serán avisados para comenzar a aplicar una adecuación orientada por la Psic.
Virginia Dutra y la Psic. Kyria Querves que integran el equipo de la UEFI y el
EOC, de la Facultad de Ingeniería.",https://www.fing.edu.uy/ensenanza/espacio-de-orientaci%C3%B3n-y-consulta/procedimientos-para-solicitudes,Procedimientos para solicitudes | Facultad de Ingeniería
webpages\Subsidios_a_cursos_de_Educación_Permanente_en_Fing_-_Facultad_de_Ingeniería,node_47584,"#  Subsidios a cursos de Educación Permanente en Fing

Todos los profesionales y empresas privadas pueden solicitar subsidios
-devolución parcial de lo invertido en la capacitación- a los cursos de
Educación Permanente de Fing a través de INEFOP.

La información ampliada de INFEFOP se puede consultar en:
http://www.inefop.org.uy/Ocultas/Capacitacion-Estandar-uc3739",https://www.fing.edu.uy/es/node/47584,Subsidios a cursos de Educación Permanente en Fing | Facultad de Ingeniería
webpages\Subsidios_a_cursos_de_Educación_Permanente_en_Fing_-_Facultad_de_Ingeniería,node_47584,"¿Cuánto es el subsidio?

    

Existe un monto reconocido (MR) y sobre este monto reconocido se aplican los
siguientes porcentajes:

  * En el caso de profesionales se les reintegra hasta el 50% del MR
  * En el caso de micro empresas hasta el 75% del MR
  * En el caso de pequeña empresa hasta el 65% del MR
  * En el caso de mediana empresa hasta el 55% del MR

Sin certificado PYME y grandes empresas se subsidia el 30% del MR

Ej: Un curso de no más de $46.000 y no menos de 40h para una persona, no
aplica ningún tope por lo que el monto reconocido (MR) es igual al monto
cotizado.

Algunas aclaraciones:

  * No se financian posgrados completos pero sí pueden solicitar módulos individuales o cursos puntuales.
  * No pueden pedir más de dos módulos/cursos por año.
  * No pueden superar los 46000 pesos de subsidio por persona.",https://www.fing.edu.uy/es/node/47584,Subsidios a cursos de Educación Permanente en Fing | Facultad de Ingeniería
webpages\Subsidios_a_cursos_de_Educación_Permanente_en_Fing_-_Facultad_de_Ingeniería,node_47584,"¿Qué condiciones son necesarias para recibir el financiamiento?

    

Profesionales:

  * Presentar CJJPU vigente.
  * Estar registrado en la Plataforma Vía Trabajo (https://viatrabajo.mtss.gub.uy/ViaTrabajoAutogestion/servlet/com.viatrabajoautogestion.postulantes.login)

La empresa PYMES:

  * Certificado PYMES vigente ( aplica solo para micro, pequeñas y medianas empresas).
  * Los destinatarios finales de la capacitación estén en la planilla de trabajo de la empresa y que tengan completo su registro en la Plataforma Vía Trabajo

Empresas grandes o que no tramiten certificado PYME

  * Estar al día en sus adeudos por BPS, DGI

Algunas aclaraciones:

  * No se financian posgrados completos pero sí pueden solicitar módulos individuales o cursos puntuales.
  * No pueden pedir más de dos módulos/cursos por año.
  * No pueden superar los 46000 pesos de subsidio por persona.",https://www.fing.edu.uy/es/node/47584,Subsidios a cursos de Educación Permanente en Fing | Facultad de Ingeniería
webpages\Subsidios_a_cursos_de_Educación_Permanente_en_Fing_-_Facultad_de_Ingeniería,node_47584,"¿Cómo es el procedimiento de postulación?

    

  1. El destinatario debe estar inscripto en el curso de Fing
  2. El destinatario debe completar el formulario de INEFOP antes de que inicie el curso: 
    * https://forms.office.com/r/T7MppGpzji
  3. En el caso de profesionales enviar a empresas@inefop.org.uy el certificado CJPU
  4. INEFOP le comunicará el resultado de la solicitud
  5. El destinatario debe abonar la totalidad del curso a la Facultad por los medios habituales (https://www.fing.edu.uy/bedelia/inscripciones/educacion-permanente)
  6. INEFOP le reintegrará el porcentaje del subsidio correspondiente directamente a la empresa/profesional contra presentación de comprobantes de pago e informes finales.

La información detallada está disponible en:
http://www.inefop.org.uy/Ocultas/Capacitacion-Estandar-uc3739",https://www.fing.edu.uy/es/node/47584,Subsidios a cursos de Educación Permanente en Fing | Facultad de Ingeniería
webpages\Subsidios_a_cursos_de_Educación_Permanente_en_Fing_-_Facultad_de_Ingeniería,node_47584,"¿Dónde hago las consultas y obtengo más información?

    

Los subsidios son independientes de Fing y se tramitan directamente con
INEFOP.  
Las consultas se deben dirigir a:

  * empresas@inefop.org.uy
  * tel. (598) 2917 04 25 int.151
  * www.inefop.org.uy
  * Misiones 1352 Montevideo – Uruguay

La información detallada está disponible en:
http://www.inefop.org.uy/Ocultas/Capacitacion-Estandar-uc3739

Las respuestas a las preguntas frecuentes del programa pueden **descargarse
aquí:** https://www.empresas.inefop.uy/_files/ugd/aaf0fb_757c81f302ee40e3a6b000294cd5ee5a.pdf",https://www.fing.edu.uy/es/node/47584,Subsidios a cursos de Educación Permanente en Fing | Facultad de Ingeniería
